<?xml version="1.0" encoding="UTF-8"?>
<GenRun Id="impl_1" LaunchPart="xc7a100tcsg324-1" LaunchTime="1646284914">
  <File Type="ROUTE-PWR" Name="seven_seg_controller_power_routed.rpt"/>
  <File Type="PA-TCL" Name="seven_seg_controller.tcl"/>
  <File Type="BITSTR-MMI" Name="seven_seg_controller.mmi"/>
  <File Type="OPT-METHODOLOGY-DRC" Name="seven_seg_controller_methodology_drc_opted.rpt"/>
  <File Type="INIT-TIMING" Name="seven_seg_controller_timing_summary_init.rpt"/>
  <File Type="ROUTE-PWR-SUM" Name="seven_seg_controller_power_summary_routed.pb"/>
  <File Type="REPORTS-TCL" Name="seven_seg_controller_reports.tcl"/>
  <File Type="OPT-TIMING" Name="seven_seg_controller_timing_summary_opted.rpt"/>
  <File Type="OPT-DCP" Name="seven_seg_controller_opt.dcp"/>
  <File Type="OPT-DRC" Name="seven_seg_controller_drc_opted.rpt"/>
  <File Type="OPT-HWDEF" Name="seven_seg_controller.hwdef"/>
  <File Type="PWROPT-DCP" Name="seven_seg_controller_pwropt.dcp"/>
  <File Type="PWROPT-DRC" Name="seven_seg_controller_drc_pwropted.rpt"/>
  <File Type="PWROPT-TIMING" Name="seven_seg_controller_timing_summary_pwropted.rpt"/>
  <File Type="PLACE-DCP" Name="seven_seg_controller_placed.dcp"/>
  <File Type="PLACE-IO" Name="seven_seg_controller_io_placed.rpt"/>
  <File Type="PLACE-CLK" Name="seven_seg_controller_clock_utilization_placed.rpt"/>
  <File Type="PLACE-UTIL" Name="seven_seg_controller_utilization_placed.rpt"/>
  <File Type="PLACE-UTIL-PB" Name="seven_seg_controller_utilization_placed.pb"/>
  <File Type="PLACE-CTRL" Name="seven_seg_controller_control_sets_placed.rpt"/>
  <File Type="PLACE-SIMILARITY" Name="seven_seg_controller_incremental_reuse_placed.rpt"/>
  <File Type="PLACE-PRE-SIMILARITY" Name="seven_seg_controller_incremental_reuse_pre_placed.rpt"/>
  <File Type="BG-BIN" Name="seven_seg_controller.bin"/>
  <File Type="PLACE-TIMING" Name="seven_seg_controller_timing_summary_placed.rpt"/>
  <File Type="POSTPLACE-PWROPT-DCP" Name="seven_seg_controller_postplace_pwropt.dcp"/>
  <File Type="BITSTR-MSK" Name="seven_seg_controller.msk"/>
  <File Type="POSTPLACE-PWROPT-TIMING" Name="seven_seg_controller_timing_summary_postplace_pwropted.rpt"/>
  <File Type="PHYSOPT-DCP" Name="seven_seg_controller_physopt.dcp"/>
  <File Type="PHYSOPT-DRC" Name="seven_seg_controller_drc_physopted.rpt"/>
  <File Type="BITSTR-RBT" Name="seven_seg_controller.rbt"/>
  <File Type="PHYSOPT-TIMING" Name="seven_seg_controller_timing_summary_physopted.rpt"/>
  <File Type="ROUTE-ERROR-DCP" Name="seven_seg_controller_routed_error.dcp"/>
  <File Type="ROUTE-DCP" Name="seven_seg_controller_routed.dcp"/>
  <File Type="ROUTE-BLACKBOX-DCP" Name="seven_seg_controller_routed_bb.dcp"/>
  <File Type="ROUTE-DRC" Name="seven_seg_controller_drc_routed.rpt"/>
  <File Type="ROUTE-DRC-PB" Name="seven_seg_controller_drc_routed.pb"/>
  <File Type="ROUTE-DRC-RPX" Name="seven_seg_controller_drc_routed.rpx"/>
  <File Type="ROUTE-METHODOLOGY-DRC" Name="seven_seg_controller_methodology_drc_routed.rpt"/>
  <File Type="ROUTE-METHODOLOGY-DRC-RPX" Name="seven_seg_controller_methodology_drc_routed.rpx"/>
  <File Type="ROUTE-METHODOLOGY-DRC-PB" Name="seven_seg_controller_methodology_drc_routed.pb"/>
  <File Type="ROUTE-PWR-RPX" Name="seven_seg_controller_power_routed.rpx"/>
  <File Type="ROUTE-STATUS" Name="seven_seg_controller_route_status.rpt"/>
  <File Type="ROUTE-STATUS-PB" Name="seven_seg_controller_route_status.pb"/>
  <File Type="ROUTE-TIMINGSUMMARY" Name="seven_seg_controller_timing_summary_routed.rpt"/>
  <File Type="ROUTE-TIMING-PB" Name="seven_seg_controller_timing_summary_routed.pb"/>
  <File Type="ROUTE-TIMING-RPX" Name="seven_seg_controller_timing_summary_routed.rpx"/>
  <File Type="ROUTE-SIMILARITY" Name="seven_seg_controller_incremental_reuse_routed.rpt"/>
  <File Type="ROUTE-CLK" Name="seven_seg_controller_clock_utilization_routed.rpt"/>
  <File Type="ROUTE-BUS-SKEW" Name="seven_seg_controller_bus_skew_routed.rpt"/>
  <File Type="ROUTE-BUS-SKEW-PB" Name="seven_seg_controller_bus_skew_routed.pb"/>
  <File Type="ROUTE-BUS-SKEW-RPX" Name="seven_seg_controller_bus_skew_routed.rpx"/>
  <File Type="POSTROUTE-PHYSOPT-DCP" Name="seven_seg_controller_postroute_physopt.dcp"/>
  <File Type="POSTROUTE-PHYSOPT-BLACKBOX-DCP" Name="seven_seg_controller_postroute_physopt_bb.dcp"/>
  <File Type="POSTROUTE-PHYSOPT-TIMING" Name="seven_seg_controller_timing_summary_postroute_physopted.rpt"/>
  <File Type="POSTROUTE-PHYSOPT-TIMING-PB" Name="seven_seg_controller_timing_summary_postroute_physopted.pb"/>
  <File Type="POSTROUTE-PHYSOPT-TIMING-RPX" Name="seven_seg_controller_timing_summary_postroute_physopted.rpx"/>
  <File Type="POSTROUTE-PHYSOPT-BUS-SKEW" Name="seven_seg_controller_bus_skew_postroute_physopted.rpt"/>
  <File Type="BG-BIT" Name="seven_seg_controller.bit"/>
  <File Type="POSTROUTE-PHYSOPT-BUS-SKEW-PB" Name="seven_seg_controller_bus_skew_postroute_physopted.pb"/>
  <File Type="POSTROUTE-PHYSOPT-BUS-SKEW-RPX" Name="seven_seg_controller_bus_skew_postroute_physopted.rpx"/>
  <File Type="BITSTR-NKY" Name="seven_seg_controller.nky"/>
  <File Type="BITSTR-BMM" Name="seven_seg_controller_bd.bmm"/>
  <File Type="PDI-FILE" Name="seven_seg_controller.pdi"/>
  <File Type="RCFI_FILE" Name="seven_seg_controller.rcfi"/>
  <File Type="CFI_FILE" Name="seven_seg_controller.cfi"/>
  <File Type="RNPI_FILE" Name="seven_seg_controller.rnpi"/>
  <File Type="NPI_FILE" Name="seven_seg_controller.npi"/>
  <File Type="RBD_FILE" Name="seven_seg_controller.rbd"/>
  <File Type="BITSTR-LTX" Name="debug_nets.ltx"/>
  <File Type="BITSTR-LTX" Name="seven_seg_controller.ltx"/>
  <File Type="BITSTR-SYSDEF" Name="seven_seg_controller.sysdef"/>
  <File Type="BG-BGN" Name="seven_seg_controller.bgn"/>
  <File Type="BG-DRC" Name="seven_seg_controller.drc"/>
  <File Type="RDI-RDI" Name="seven_seg_controller.vdi"/>
  <File Type="WBT-USG" Name="usage_statistics_webtalk.html"/>
  <FileSet Name="sources" Type="DesignSrcs" RelSrcDir="$PSRCDIR/sources_1" RelGenDir="$PGENDIR/sources_1">
    <Filter Type="Srcs"/>
    <File Path="$PSRCDIR/sources_1/new/addersubtractor.v">
      <FileInfo>
        <Attr Name="UsedIn" Val="synthesis"/>
        <Attr Name="UsedIn" Val="implementation"/>
        <Attr Name="UsedIn" Val="simulation"/>
      </FileInfo>
    </File>
    <Config>
      <Option Name="DesignMode" Val="RTL"/>
      <Option Name="TopModule" Val="seven_seg_controller"/>
      <Option Name="TopAutoSet" Val="TRUE"/>
    </Config>
  </FileSet>
  <FileSet Name="constrs_in" Type="Constrs" RelSrcDir="$PSRCDIR/constrs_1">
    <Filter Type="Constrs"/>
    <File Path="$PSRCDIR/constrs_1/new/controller.xdc">
      <FileInfo>
        <Attr Name="UsedIn" Val="synthesis"/>
        <Attr Name="UsedIn" Val="implementation"/>
      </FileInfo>
    </File>
    <Config>
      <Option Name="ConstrsType" Val="XDC"/>
    </Config>
  </FileSet>
  <FileSet Name="utils" Type="Utils" RelSrcDir="$PSRCDIR/utils_1">
    <Filter Type="Utils"/>
    <File Path="$PSRCDIR/utils_1/imports/synth_1/addern.dcp">
      <FileInfo>
        <Attr Name="UsedIn" Val="synthesis"/>
        <Attr Name="UsedIn" Val="implementation"/>
        <Attr Name="UsedInSteps" Val="synth_1"/>
        <Attr Name="AutoDcp" Val="1"/>
      </FileInfo>
    </File>
    <Config>
      <Option Name="TopAutoSet" Val="TRUE"/>
    </Config>
  </FileSet>
  <Strategy Version="1" Minor="2">
    <StratHandle Name="Vivado Implementation Defaults" Flow="Vivado Implementation 2021">
      <Desc>Default settings for Implementation.</Desc>
    </StratHandle>
    <Step Id="init_design"/>
    <Step Id="opt_design"/>
    <Step Id="power_opt_design"/>
    <Step Id="place_design"/>
    <Step Id="post_place_power_opt_design"/>
    <Step Id="phys_opt_design"/>
    <Step Id="route_design"/>
    <Step Id="post_route_phys_opt_design"/>
    <Step Id="write_bitstream"/>
  </Strategy>
</GenRun>
