<?xml version="1.0" encoding="UTF-8"?>
<GenRun Id="impl_1" LaunchPart="xc7a100tcsg324-1" LaunchTime="1648202768">
  <File Type="BITSTR-BMM" Name="SongPlayer_bd.bmm"/>
  <File Type="OPT-METHODOLOGY-DRC" Name="SongPlayer_methodology_drc_opted.rpt"/>
  <File Type="INIT-TIMING" Name="SongPlayer_timing_summary_init.rpt"/>
  <File Type="ROUTE-PWR" Name="SongPlayer_power_routed.rpt"/>
  <File Type="PA-TCL" Name="SongPlayer.tcl"/>
  <File Type="OPT-TIMING" Name="SongPlayer_timing_summary_opted.rpt"/>
  <File Type="OPT-DCP" Name="SongPlayer_opt.dcp"/>
  <File Type="ROUTE-PWR-SUM" Name="SongPlayer_power_summary_routed.pb"/>
  <File Type="REPORTS-TCL" Name="SongPlayer_reports.tcl"/>
  <File Type="OPT-DRC" Name="SongPlayer_drc_opted.rpt"/>
  <File Type="OPT-HWDEF" Name="SongPlayer.hwdef"/>
  <File Type="PWROPT-DCP" Name="SongPlayer_pwropt.dcp"/>
  <File Type="PWROPT-DRC" Name="SongPlayer_drc_pwropted.rpt"/>
  <File Type="PWROPT-TIMING" Name="SongPlayer_timing_summary_pwropted.rpt"/>
  <File Type="PLACE-DCP" Name="SongPlayer_placed.dcp"/>
  <File Type="PLACE-IO" Name="SongPlayer_io_placed.rpt"/>
  <File Type="PLACE-CLK" Name="SongPlayer_clock_utilization_placed.rpt"/>
  <File Type="PLACE-UTIL" Name="SongPlayer_utilization_placed.rpt"/>
  <File Type="PLACE-UTIL-PB" Name="SongPlayer_utilization_placed.pb"/>
  <File Type="PLACE-CTRL" Name="SongPlayer_control_sets_placed.rpt"/>
  <File Type="PLACE-SIMILARITY" Name="SongPlayer_incremental_reuse_placed.rpt"/>
  <File Type="PLACE-PRE-SIMILARITY" Name="SongPlayer_incremental_reuse_pre_placed.rpt"/>
  <File Type="BG-BGN" Name="SongPlayer.bgn"/>
  <File Type="PLACE-TIMING" Name="SongPlayer_timing_summary_placed.rpt"/>
  <File Type="POSTPLACE-PWROPT-DCP" Name="SongPlayer_postplace_pwropt.dcp"/>
  <File Type="BG-BIN" Name="SongPlayer.bin"/>
  <File Type="POSTPLACE-PWROPT-TIMING" Name="SongPlayer_timing_summary_postplace_pwropted.rpt"/>
  <File Type="PHYSOPT-DCP" Name="SongPlayer_physopt.dcp"/>
  <File Type="PHYSOPT-DRC" Name="SongPlayer_drc_physopted.rpt"/>
  <File Type="BITSTR-MSK" Name="SongPlayer.msk"/>
  <File Type="PHYSOPT-TIMING" Name="SongPlayer_timing_summary_physopted.rpt"/>
  <File Type="ROUTE-ERROR-DCP" Name="SongPlayer_routed_error.dcp"/>
  <File Type="ROUTE-DCP" Name="SongPlayer_routed.dcp"/>
  <File Type="ROUTE-BLACKBOX-DCP" Name="SongPlayer_routed_bb.dcp"/>
  <File Type="ROUTE-DRC" Name="SongPlayer_drc_routed.rpt"/>
  <File Type="ROUTE-DRC-PB" Name="SongPlayer_drc_routed.pb"/>
  <File Type="BITSTR-LTX" Name="debug_nets.ltx"/>
  <File Type="BITSTR-LTX" Name="SongPlayer.ltx"/>
  <File Type="ROUTE-DRC-RPX" Name="SongPlayer_drc_routed.rpx"/>
  <File Type="BITSTR-MMI" Name="SongPlayer.mmi"/>
  <File Type="ROUTE-METHODOLOGY-DRC" Name="SongPlayer_methodology_drc_routed.rpt"/>
  <File Type="ROUTE-METHODOLOGY-DRC-RPX" Name="SongPlayer_methodology_drc_routed.rpx"/>
  <File Type="BITSTR-SYSDEF" Name="SongPlayer.sysdef"/>
  <File Type="ROUTE-METHODOLOGY-DRC-PB" Name="SongPlayer_methodology_drc_routed.pb"/>
  <File Type="ROUTE-PWR-RPX" Name="SongPlayer_power_routed.rpx"/>
  <File Type="ROUTE-STATUS" Name="SongPlayer_route_status.rpt"/>
  <File Type="ROUTE-STATUS-PB" Name="SongPlayer_route_status.pb"/>
  <File Type="ROUTE-TIMINGSUMMARY" Name="SongPlayer_timing_summary_routed.rpt"/>
  <File Type="ROUTE-TIMING-PB" Name="SongPlayer_timing_summary_routed.pb"/>
  <File Type="ROUTE-TIMING-RPX" Name="SongPlayer_timing_summary_routed.rpx"/>
  <File Type="ROUTE-SIMILARITY" Name="SongPlayer_incremental_reuse_routed.rpt"/>
  <File Type="ROUTE-CLK" Name="SongPlayer_clock_utilization_routed.rpt"/>
  <File Type="ROUTE-BUS-SKEW" Name="SongPlayer_bus_skew_routed.rpt"/>
  <File Type="ROUTE-BUS-SKEW-PB" Name="SongPlayer_bus_skew_routed.pb"/>
  <File Type="ROUTE-BUS-SKEW-RPX" Name="SongPlayer_bus_skew_routed.rpx"/>
  <File Type="POSTROUTE-PHYSOPT-DCP" Name="SongPlayer_postroute_physopt.dcp"/>
  <File Type="POSTROUTE-PHYSOPT-BLACKBOX-DCP" Name="SongPlayer_postroute_physopt_bb.dcp"/>
  <File Type="POSTROUTE-PHYSOPT-TIMING" Name="SongPlayer_timing_summary_postroute_physopted.rpt"/>
  <File Type="POSTROUTE-PHYSOPT-TIMING-PB" Name="SongPlayer_timing_summary_postroute_physopted.pb"/>
  <File Type="POSTROUTE-PHYSOPT-TIMING-RPX" Name="SongPlayer_timing_summary_postroute_physopted.rpx"/>
  <File Type="POSTROUTE-PHYSOPT-BUS-SKEW" Name="SongPlayer_bus_skew_postroute_physopted.rpt"/>
  <File Type="POSTROUTE-PHYSOPT-BUS-SKEW-PB" Name="SongPlayer_bus_skew_postroute_physopted.pb"/>
  <File Type="BG-BIT" Name="SongPlayer.bit"/>
  <File Type="POSTROUTE-PHYSOPT-BUS-SKEW-RPX" Name="SongPlayer_bus_skew_postroute_physopted.rpx"/>
  <File Type="BITSTR-RBT" Name="SongPlayer.rbt"/>
  <File Type="BITSTR-NKY" Name="SongPlayer.nky"/>
  <File Type="BG-DRC" Name="SongPlayer.drc"/>
  <File Type="RDI-RDI" Name="SongPlayer.vdi"/>
  <File Type="WBT-USG" Name="usage_statistics_webtalk.html"/>
  <FileSet Name="sources" Type="DesignSrcs" RelSrcDir="$PSRCDIR/sources_1">
    <Filter Type="Srcs"/>
    <File Path="$PSRCDIR/sources_1/new/Music.v">
      <FileInfo>
        <Attr Name="UsedIn" Val="synthesis"/>
        <Attr Name="UsedIn" Val="implementation"/>
        <Attr Name="UsedIn" Val="simulation"/>
      </FileInfo>
    </File>
    <Config>
      <Option Name="DesignMode" Val="RTL"/>
      <Option Name="TopModule" Val="SongPlayer"/>
      <Option Name="TopAutoSet" Val="TRUE"/>
    </Config>
  </FileSet>
  <FileSet Name="constrs_in" Type="Constrs" RelSrcDir="$PSRCDIR/constrs_1">
    <Filter Type="Constrs"/>
    <File Path="$PSRCDIR/constrs_1/new/Music.xdc">
      <FileInfo>
        <Attr Name="UsedIn" Val="synthesis"/>
        <Attr Name="UsedIn" Val="implementation"/>
      </FileInfo>
    </File>
    <Config>
      <Option Name="ConstrsType" Val="XDC"/>
    </Config>
  </FileSet>
  <FileSet Name="utils" Type="Utils" RelSrcDir="$PSRCDIR/utils_1">
    <Filter Type="Utils"/>
    <Config>
      <Option Name="TopAutoSet" Val="TRUE"/>
    </Config>
  </FileSet>
  <Strategy Version="1" Minor="2">
    <StratHandle Name="Vivado Implementation Defaults" Flow="Vivado Implementation 2019"/>
    <Step Id="init_design"/>
    <Step Id="opt_design"/>
    <Step Id="power_opt_design"/>
    <Step Id="place_design"/>
    <Step Id="post_place_power_opt_design"/>
    <Step Id="phys_opt_design"/>
    <Step Id="route_design"/>
    <Step Id="post_route_phys_opt_design"/>
    <Step Id="write_bitstream"/>
  </Strategy>
</GenRun>
